,Year,Cases,Deaths,Entity,Code,Disease
0,2020,28143.232044198896,407.7955801104972,India,IND,Covid-19
1,2021,67394.38904109588,909.7534246575342,India,IND,Covid-19
2,2022,27096.723287671233,139.75616438356164,India,IND,Covid-19
3,2023,920.7287671232876,7.30958904109589,India,IND,Covid-19
4,2024,370.48571428571427,2.657142857142857,India,IND,Covid-19
